Repeat,VAR2,Point,VDS Voltage,VDS Current,VDS Time,VGS Voltage,VGS Current,VGS Time
1,1,1,5.40000E-006,-330.00000E-009,11.26800E-003,1.00000E+000,-1.49000E-009,11.26800E-003
1,1,2,101.01280E-003,-230.00000E-009,15.11100E-003,999.99900E-003,-18.07000E-009,15.11100E-003
1,1,3,202.02090E-003,-220.00000E-009,19.57900E-003,999.99900E-003,1.16000E-009,19.57900E-003
1,1,4,303.03100E-003,-170.00000E-009,23.27700E-003,999.99800E-003,16.75000E-009,23.27700E-003
1,1,5,404.04000E-003,-200.00000E-009,26.55600E-003,1.00000E+000,5.88000E-009,26.55600E-003
1,1,6,505.04900E-003,-210.00000E-009,29.83500E-003,1.00000E+000,-11.32000E-009,29.83500E-003
1,1,7,606.05700E-003,-230.00000E-009,33.05400E-003,1.00000E+000,-15.93000E-009,33.05400E-003
1,1,8,707.06900E-003,-200.00000E-009,36.32100E-003,1.00000E+000,1.33000E-009,36.32100E-003
1,1,9,808.07900E-003,-180.00000E-009,39.58700E-003,1.00000E+000,15.66000E-009,39.58700E-003
1,1,10,909.09000E-003,-180.00000E-009,42.97200E-003,1.00000E+000,8.02000E-009,42.97200E-003
1,1,11,1.01010E+000,-200.00000E-009,46.29000E-003,1.00000E+000,-9.63000E-009,46.29000E-003
1,1,12,1.11111E+000,-220.00000E-009,49.71400E-003,999.99900E-003,-15.92000E-009,49.71400E-003
1,1,13,1.21212E+000,-190.00000E-009,53.53300E-003,999.99900E-003,2.97000E-009,53.53300E-003
1,1,14,1.31313E+000,-180.00000E-009,59.02400E-003,1.00000E+000,10.15000E-009,59.02400E-003
1,1,15,1.41414E+000,-190.00000E-009,62.94200E-003,1.00000E+000,-9.41000E-009,62.94200E-003
1,1,16,1.51515E+000,-220.00000E-009,66.27500E-003,1.00000E+000,-16.59000E-009,66.27500E-003
1,1,17,1.61616E+000,-200.00000E-009,69.51300E-003,1.00000E+000,770.00000E-012,69.51300E-003
1,1,18,1.71717E+000,-170.00000E-009,72.79500E-003,999.99900E-003,16.02000E-009,72.79500E-003
1,1,19,1.81818E+000,-190.00000E-009,76.08100E-003,999.99900E-003,9.36000E-009,76.08100E-003
1,1,20,1.91919E+000,-200.00000E-009,79.28900E-003,1.00000E+000,-6.28000E-009,79.28900E-003
1,1,21,2.02020E+000,-230.00000E-009,82.55800E-003,999.99900E-003,-17.87000E-009,82.55800E-003
1,1,22,2.12120E+000,-220.00000E-009,85.97200E-003,999.99900E-003,-400.00000E-012,85.97200E-003
1,1,23,2.22220E+000,-170.00000E-009,89.19100E-003,1.00000E+000,16.00000E-009,89.19100E-003
1,1,24,2.32320E+000,-170.00000E-009,92.51100E-003,1.00000E+000,10.17000E-009,92.51100E-003
1,1,25,2.42420E+000,-190.00000E-009,95.89800E-003,1.00000E+000,-5.96000E-009,95.89800E-003
1,1,26,2.52530E+000,-230.00000E-009,99.70500E-003,999.99800E-003,-16.08000E-009,99.70500E-003
1,1,27,2.62630E+000,-180.00000E-009,104.19300E-003,1.00000E+000,5.36000E-009,104.19300E-003
1,1,28,2.72730E+000,-150.00000E-009,107.80700E-003,1.00000E+000,16.88000E-009,107.80700E-003
1,1,29,2.82830E+000,-190.00000E-009,111.17600E-003,1.00000E+000,-1.11000E-009,111.17600E-003
1,1,30,2.92930E+000,-210.00000E-009,114.53400E-003,999.99900E-003,-16.31000E-009,114.53400E-003
1,1,31,3.03030E+000,-200.00000E-009,117.85400E-003,1.00000E+000,-9.25000E-009,117.85400E-003
1,1,32,3.13130E+000,-170.00000E-009,121.15000E-003,1.00000E+000,7.42000E-009,121.15000E-003
1,1,33,3.23230E+000,-170.00000E-009,124.36700E-003,999.99900E-003,17.06000E-009,124.36700E-003
1,1,34,3.33330E+000,-160.00000E-009,127.58000E-003,1.00000E+000,220.00000E-012,127.58000E-003
1,1,35,3.43430E+000,-190.00000E-009,130.84700E-003,1.00000E+000,-16.38000E-009,130.84700E-003
1,1,36,3.53540E+000,-210.00000E-009,134.13800E-003,999.99800E-003,-10.52000E-009,134.13800E-003
1,1,37,3.63640E+000,-180.00000E-009,137.35500E-003,999.99900E-003,4.69000E-009,137.35500E-003
1,1,38,3.73740E+000,-140.00000E-009,140.55500E-003,999.99900E-003,18.38000E-009,140.55500E-003
1,1,39,3.83840E+000,-160.00000E-009,144.05400E-003,999.99900E-003,1.45000E-009,144.05400E-003
1,1,40,3.93940E+000,-180.00000E-009,147.44600E-003,999.99800E-003,-16.14000E-009,147.44600E-003
1,1,41,4.04040E+000,-190.00000E-009,150.76200E-003,1.00000E+000,-10.62000E-009,150.76200E-003
1,1,42,4.14140E+000,-180.00000E-009,154.24900E-003,1.00000E+000,5.57000E-009,154.24900E-003
1,1,43,4.24240E+000,-150.00000E-009,157.57500E-003,1.00000E+000,17.49000E-009,157.57500E-003
1,1,44,4.34340E+000,-170.00000E-009,160.78300E-003,1.00000E+000,1.10000E-009,160.78300E-003
1,1,45,4.44440E+000,-210.00000E-009,164.06500E-003,999.99800E-003,-15.86000E-009,164.06500E-003
1,1,46,4.54550E+000,-210.00000E-009,167.33800E-003,1.00000E+000,-10.82000E-009,167.33800E-003
1,1,47,4.64650E+000,-180.00000E-009,170.56200E-003,999.99900E-003,4.31000E-009,170.56200E-003
1,1,48,4.74750E+000,-160.00000E-009,173.77300E-003,1.00000E+000,18.23000E-009,173.77300E-003
1,1,49,4.84850E+000,-160.00000E-009,177.04500E-003,1.00000E+000,3.54000E-009,177.04500E-003
1,1,50,4.94950E+000,-180.00000E-009,180.38000E-003,1.00000E+000,-14.05000E-009,180.38000E-003
1,1,51,5.05050E+000,-180.00000E-009,183.87200E-003,999.99700E-003,-11.48000E-009,183.87200E-003
1,1,52,5.15149E+000,-180.00000E-009,187.29200E-003,999.99900E-003,4.36000E-009,187.29200E-003
1,1,53,5.25250E+000,-150.00000E-009,190.87100E-003,1.00000E+000,17.65000E-009,190.87100E-003
1,1,54,5.35350E+000,-170.00000E-009,194.34900E-003,1.00000E+000,-170.00000E-012,194.34900E-003
1,1,55,5.45450E+000,-200.00000E-009,197.70000E-003,1.00000E+000,-16.66000E-009,197.70000E-003
1,1,56,5.55560E+000,-190.00000E-009,201.24700E-003,999.99900E-003,-9.28000E-009,201.24700E-003
1,1,57,5.65660E+000,-170.00000E-009,204.52800E-003,999.99700E-003,7.49000E-009,204.52800E-003
1,1,58,5.75760E+000,-150.00000E-009,207.73800E-003,1.00000E+000,16.93000E-009,207.73800E-003
1,1,59,5.85860E+000,-170.00000E-009,210.94700E-003,1.00000E+000,380.00000E-012,210.94700E-003
1,1,60,5.95959E+000,-200.00000E-009,214.21200E-003,1.00000E+000,-16.37000E-009,214.21200E-003
1,1,61,6.06060E+000,-200.00000E-009,217.49600E-003,1.00000E+000,-10.52000E-009,217.49600E-003
1,1,62,6.16160E+000,-180.00000E-009,220.71300E-003,999.99800E-003,4.63000E-009,220.71300E-003
1,1,63,6.26260E+000,-150.00000E-009,223.93100E-003,999.99800E-003,18.41000E-009,223.93100E-003
1,1,64,6.36360E+000,-160.00000E-009,227.23500E-003,1.00000E+000,2.69000E-009,227.23500E-003
1,1,65,6.46460E+000,-170.00000E-009,230.63900E-003,1.00000E+000,-15.24000E-009,230.63900E-003
1,1,66,6.56570E+000,-190.00000E-009,233.96300E-003,1.00000E+000,-11.08000E-009,233.96300E-003
1,1,67,6.66670E+000,-180.00000E-009,237.53000E-003,999.99900E-003,5.15000E-009,237.53000E-003
1,1,68,6.76770E+000,-160.00000E-009,240.92900E-003,1.00000E+000,17.45000E-009,240.92900E-003
1,1,69,6.86870E+000,-160.00000E-009,244.31900E-003,999.99900E-003,230.00000E-012,244.31900E-003
1,1,70,6.96970E+000,-200.00000E-009,247.71600E-003,999.99900E-003,-16.72000E-009,247.71600E-003
1,1,71,7.07070E+000,-210.00000E-009,250.95200E-003,1.00000E+000,-10.37000E-009,250.95200E-003
1,1,72,7.17169E+000,-170.00000E-009,254.18200E-003,999.99800E-003,4.96000E-009,254.18200E-003
1,1,73,7.27270E+000,-150.00000E-009,257.47400E-003,1.00000E+000,18.11000E-009,257.47400E-003
1,1,74,7.37370E+000,-160.00000E-009,260.75800E-003,1.00000E+000,1.58000E-009,260.75800E-003
1,1,75,7.47470E+000,-180.00000E-009,264.00700E-003,1.00000E+000,-15.43000E-009,264.00700E-003
1,1,76,7.57579E+000,-200.00000E-009,267.21500E-003,999.99800E-003,-11.61000E-009,267.21500E-003
1,1,77,7.67680E+000,-160.00000E-009,270.70200E-003,1.00000E+000,4.49000E-009,270.70200E-003
1,1,78,7.77780E+000,-160.00000E-009,274.03900E-003,999.99900E-003,18.30000E-009,274.03900E-003
1,1,79,7.87880E+000,-170.00000E-009,277.52200E-003,1.00000E+000,1.10000E-009,277.52200E-003
1,1,80,7.97980E+000,-200.00000E-009,281.04200E-003,1.00000E+000,-16.66000E-009,281.04200E-003
1,1,81,8.08080E+000,-210.00000E-009,285.51600E-003,999.99800E-003,-3.54000E-009,285.51600E-003
1,1,82,8.18180E+000,-160.00000E-009,289.30600E-003,999.99900E-003,15.91000E-009,289.30600E-003
1,1,83,8.28280E+000,-160.00000E-009,292.62100E-003,999.99900E-003,9.94000E-009,292.62100E-003
1,1,84,8.38380E+000,-180.00000E-009,295.91300E-003,999.99900E-003,-5.59000E-009,295.91300E-003
1,1,85,8.48480E+000,-210.00000E-009,299.12900E-003,1.00000E+000,-18.74000E-009,299.12900E-003
1,1,86,8.58590E+000,-190.00000E-009,302.33600E-003,999.99800E-003,-2.71000E-009,302.33600E-003
1,1,87,8.68690E+000,-160.00000E-009,305.62200E-003,999.99600E-003,14.60000E-009,305.62200E-003
1,1,88,8.78790E+000,-150.00000E-009,308.91800E-003,1.00000E+000,11.01000E-009,308.91800E-003
1,1,89,8.88890E+000,-150.00000E-009,312.12800E-003,1.00000E+000,-3.99000E-009,312.12800E-003
1,1,90,8.98990E+000,-180.00000E-009,315.33700E-003,1.00000E+000,-18.41000E-009,315.33700E-003
1,1,91,9.09090E+000,-170.00000E-009,319.91600E-003,999.99900E-003,1.65000E-009,319.91600E-003
1,1,92,9.19190E+000,-140.00000E-009,323.46200E-003,999.99900E-003,17.08000E-009,323.46200E-003
1,1,93,9.29290E+000,-160.00000E-009,327.66500E-003,1.00000E+000,180.00000E-012,327.66500E-003
1,1,94,9.39390E+000,-200.00000E-009,331.02000E-003,1.00000E+000,-16.66000E-009,331.02000E-003
1,1,95,9.49490E+000,-200.00000E-009,334.37000E-003,999.99800E-003,-10.30000E-009,334.37000E-003
1,1,96,9.59600E+000,-180.00000E-009,337.65500E-003,1.00000E+000,5.47000E-009,337.65500E-003
1,1,97,9.69700E+000,-130.00000E-009,340.94500E-003,1.00000E+000,17.34000E-009,340.94500E-003
1,1,98,9.79800E+000,-160.00000E-009,344.19800E-003,1.00000E+000,1.20000E-009,344.19800E-003
1,1,99,9.89900E+000,-190.00000E-009,347.40900E-003,999.99900E-003,-15.56000E-009,347.40900E-003
1,1,100,10.00000E+000,-170.00000E-009,350.67800E-003,1.00000E+000,-11.09000E-009,350.67800E-003
1,2,1,-2.10000E-006,-80.00000E-009,628.21600E-003,2.00000E+000,-1.64000E-009,628.21600E-003
1,2,2,101.00970E-003,94.89000E-006,631.88000E-003,2.00000E+000,-17.33000E-009,631.88000E-003
1,2,3,202.01920E-003,160.28000E-006,635.23400E-003,2.00000E+000,-5.74000E-009,635.23400E-003
1,2,4,303.03100E-003,198.88000E-006,638.82300E-003,2.00000E+000,13.00000E-009,638.82300E-003
1,2,5,404.04000E-003,217.17000E-006,642.23400E-003,2.00000E+000,12.15000E-009,642.23400E-003
1,2,6,505.04900E-003,224.27000E-006,645.59600E-003,2.00000E+000,-3.95000E-009,645.59600E-003
1,2,7,606.06000E-003,227.17000E-006,649.00700E-003,2.00000E+000,-18.83000E-009,649.00700E-003
1,2,8,707.07200E-003,228.70000E-006,652.42800E-003,2.00000E+000,-3.12000E-009,652.42800E-003
1,2,9,808.08000E-003,229.80000E-006,655.86600E-003,2.00000E+000,14.97000E-009,655.86600E-003
1,2,10,909.09000E-003,230.54000E-006,659.26400E-003,2.00000E+000,10.20000E-009,659.26400E-003
1,2,11,1.01010E+000,231.16000E-006,662.74600E-003,2.00000E+000,-5.66000E-009,662.74600E-003
1,2,12,1.11111E+000,231.63000E-006,666.21100E-003,2.00000E+000,-17.64000E-009,666.21100E-003
1,2,13,1.21212E+000,232.11000E-006,669.53400E-003,2.00000E+000,-550.00000E-012,669.53400E-003
1,2,14,1.31313E+000,232.56000E-006,672.95800E-003,2.00000E+000,16.21000E-009,672.95800E-003
1,2,15,1.41414E+000,232.92000E-006,676.24200E-003,2.00000E+000,9.74000E-009,676.24200E-003
1,2,16,1.51515E+000,233.26000E-006,679.45100E-003,2.00000E+000,-5.77000E-009,679.45100E-003
1,2,17,1.61616E+000,233.53000E-006,682.64600E-003,2.00000E+000,-18.56000E-009,682.64600E-003
1,2,18,1.71717E+000,233.83000E-006,685.90600E-003,2.00000E+000,-2.28000E-009,685.90600E-003
1,2,19,1.81818E+000,234.17000E-006,689.18700E-003,2.00000E+000,14.89000E-009,689.18700E-003
1,2,20,1.91919E+000,234.41000E-006,692.49500E-003,2.00000E+000,10.55000E-009,692.49500E-003
1,2,21,2.02020E+000,234.63000E-006,695.69000E-003,2.00000E+000,-4.22000E-009,695.69000E-003
1,2,22,2.12120E+000,234.83000E-006,699.21600E-003,2.00000E+000,-18.93000E-009,699.21600E-003
1,2,23,2.22220E+000,235.06000E-006,702.60100E-003,2.00000E+000,-2.16000E-009,702.60100E-003
1,2,24,2.32320E+000,235.31000E-006,706.15800E-003,2.00000E+000,16.07000E-009,706.15800E-003
1,2,25,2.42420E+000,235.51000E-006,711.53100E-003,2.00000E+000,-1.58000E-009,711.53100E-003
1,2,26,2.52530E+000,235.66000E-006,714.93300E-003,2.00000E+000,-15.85000E-009,714.93300E-003
1,2,27,2.62630E+000,235.86000E-006,718.34600E-003,2.00000E+000,-7.94000E-009,718.34600E-003
1,2,28,2.72730E+000,236.07000E-006,721.76900E-003,2.00000E+000,10.73000E-009,721.76900E-003
1,2,29,2.82830E+000,236.29000E-006,725.02800E-003,2.00000E+000,15.62000E-009,725.02800E-003
1,2,30,2.92929E+000,236.45000E-006,728.32100E-003,2.00000E+000,-1.85000E-009,728.32100E-003
1,2,31,3.03030E+000,236.62000E-006,731.60400E-003,2.00000E+000,-15.81000E-009,731.60400E-003
1,2,32,3.13130E+000,236.76000E-006,734.80700E-003,2.00000E+000,-9.34000E-009,734.80700E-003
1,2,33,3.23230E+000,236.96000E-006,738.06800E-003,2.00000E+000,7.13000E-009,738.06800E-003
1,2,34,3.33330E+000,237.14000E-006,741.34500E-003,2.00000E+000,17.00000E-009,741.34500E-003
1,2,35,3.43429E+000,237.30000E-006,744.61900E-003,2.00000E+000,-320.00000E-012,744.61900E-003
1,2,36,3.53540E+000,237.42000E-006,747.93300E-003,2.00000E+000,-16.71000E-009,747.93300E-003
1,2,37,3.63640E+000,237.55000E-006,751.51700E-003,2.00000E+000,-9.13000E-009,751.51700E-003
1,2,38,3.73740E+000,237.73000E-006,754.85600E-003,2.00000E+000,8.42000E-009,754.85600E-003
1,2,39,3.83840E+000,237.90000E-006,758.27100E-003,2.00000E+000,16.22000E-009,758.27100E-003
1,2,40,3.93940E+000,238.05000E-006,761.76100E-003,2.00000E+000,-2.01000E-009,761.76100E-003
1,2,41,4.04040E+000,238.16000E-006,765.08900E-003,2.00000E+000,-16.03000E-009,765.08900E-003
1,2,42,4.14140E+000,238.32000E-006,768.69400E-003,2.00000E+000,-5.23000E-009,768.69400E-003
1,2,43,4.24240E+000,238.48000E-006,771.89800E-003,2.00000E+000,11.32000E-009,771.89800E-003
1,2,44,4.34340E+000,238.60000E-006,775.10600E-003,2.00000E+000,15.31000E-009,775.10600E-003
1,2,45,4.44440E+000,238.74000E-006,778.37900E-003,2.00000E+000,-1.85000E-009,778.37900E-003
1,2,46,4.54550E+000,238.84000E-006,781.66200E-003,2.00000E+000,-15.83000E-009,781.66200E-003
1,2,47,4.64649E+000,238.96000E-006,784.86800E-003,2.00000E+000,-8.89000E-009,784.86800E-003
1,2,48,4.74750E+000,239.11000E-006,788.20700E-003,2.00000E+000,8.53000E-009,788.20700E-003
1,2,49,4.84850E+000,239.26000E-006,791.50100E-003,2.00000E+000,16.67000E-009,791.50100E-003
1,2,50,4.94950E+000,239.41000E-006,794.84700E-003,2.00000E+000,-1.24000E-009,794.84700E-003
1,2,51,5.05050E+000,239.47000E-006,798.32700E-003,2.00000E+000,-15.62000E-009,798.32700E-003
1,2,52,5.15150E+000,239.61000E-006,801.73500E-003,2.00000E+000,-7.78000E-009,801.73500E-003
1,2,53,5.25250E+000,239.75000E-006,805.27600E-003,2.00000E+000,11.35000E-009,805.27600E-003
1,2,54,5.35350E+000,239.91000E-006,808.80000E-003,2.00000E+000,13.14000E-009,808.80000E-003
1,2,55,5.45450E+000,240.01000E-006,812.66900E-003,2.00000E+000,-5.00000E-009,812.66900E-003
1,2,56,5.55560E+000,240.11000E-006,815.91100E-003,2.00000E+000,-18.85000E-009,815.91100E-003
1,2,57,5.65660E+000,240.22000E-006,819.12400E-003,2.00000E+000,-3.30000E-009,819.12400E-003
1,2,58,5.75760E+000,240.35000E-006,822.38800E-003,2.00000E+000,13.96000E-009,822.38800E-003
1,2,59,5.85860E+000,240.51000E-006,825.66200E-003,2.00000E+000,12.05000E-009,825.66200E-003
1,2,60,5.95960E+000,240.59000E-006,828.87600E-003,2.00000E+000,-3.20000E-009,828.87600E-003
1,2,61,6.06060E+000,240.68000E-006,832.08800E-003,2.00000E+000,-18.02000E-009,832.08800E-003
1,2,62,6.16160E+000,240.78000E-006,835.32300E-003,2.00000E+000,-5.72000E-009,835.32300E-003
1,2,63,6.26260E+000,240.94000E-006,838.60100E-003,2.00000E+000,11.35000E-009,838.60100E-003
1,2,64,6.36360E+000,241.07000E-006,843.14000E-003,2.00000E+000,9.14000E-009,843.14000E-003
1,2,65,6.46460E+000,241.16000E-006,846.88500E-003,2.00000E+000,-11.46000E-009,846.88500E-003
1,2,66,6.56570E+000,241.25000E-006,851.14800E-003,2.00000E+000,-10.41000E-009,851.14800E-003
1,2,67,6.66670E+000,241.40000E-006,854.92100E-003,2.00000E+000,8.61000E-009,854.92100E-003
1,2,68,6.76770E+000,241.49000E-006,858.21800E-003,2.00000E+000,16.63000E-009,858.21800E-003
1,2,69,6.86870E+000,241.61000E-006,861.42100E-003,2.00000E+000,-850.00000E-012,861.42100E-003
1,2,70,6.96970E+000,241.72000E-006,864.70600E-003,2.00000E+000,-16.61000E-009,864.70600E-003
1,2,71,7.07070E+000,241.78000E-006,868.07800E-003,2.00000E+000,-9.81000E-009,868.07800E-003
1,2,72,7.17170E+000,241.94000E-006,871.28300E-003,2.00000E+000,5.88000E-009,871.28300E-003
1,2,73,7.27270E+000,242.02000E-006,874.48400E-003,2.00000E+000,17.67000E-009,874.48400E-003
1,2,74,7.37370E+000,242.15000E-006,877.77200E-003,2.00000E+000,1.18000E-009,877.77200E-003
1,2,75,7.47469E+000,242.27000E-006,881.05600E-003,2.00000E+000,-15.98000E-009,881.05600E-003
1,2,76,7.57580E+000,242.34000E-006,884.70100E-003,2.00000E+000,-10.08000E-009,884.70100E-003
1,2,77,7.67680E+000,242.46000E-006,888.10700E-003,2.00000E+000,6.94000E-009,888.10700E-003
1,2,78,7.77779E+000,242.59000E-006,891.43700E-003,2.00000E+000,16.95000E-009,891.43700E-003
1,2,79,7.87880E+000,242.71000E-006,895.02200E-003,2.00000E+000,-1.75000E-009,895.02200E-003
1,2,80,7.97980E+000,242.78000E-006,898.43400E-003,2.00000E+000,-15.86000E-009,898.43400E-003
1,2,81,8.08080E+000,242.87000E-006,901.84200E-003,2.00000E+000,-7.15000E-009,901.84200E-003
1,2,82,8.18180E+000,243.07000E-006,905.27300E-003,2.00000E+000,11.17000E-009,905.27300E-003
1,2,83,8.28280E+000,243.16000E-006,908.48600E-003,2.00000E+000,15.26000E-009,908.48600E-003
1,2,84,8.38380E+000,243.27000E-006,911.74500E-003,2.00000E+000,-1.82000E-009,911.74500E-003
1,2,85,8.48479E+000,243.34000E-006,915.02700E-003,2.00000E+000,-15.77000E-009,915.02700E-003
1,2,86,8.58590E+000,243.46000E-006,918.25300E-003,2.00000E+000,-8.92000E-009,918.25300E-003
1,2,87,8.68690E+000,243.61000E-006,921.46800E-003,2.00000E+000,7.12000E-009,921.46800E-003
1,2,88,8.78790E+000,243.70000E-006,924.66800E-003,2.00000E+000,17.12000E-009,924.66800E-003
1,2,89,8.88889E+000,243.83000E-006,927.94200E-003,2.00000E+000,320.00000E-012,927.94200E-003
1,2,90,8.98990E+000,243.91000E-006,931.54500E-003,2.00000E+000,-16.36000E-009,931.54500E-003
1,2,91,9.09090E+000,244.00000E-006,935.00000E-003,2.00000E+000,-8.73000E-009,935.00000E-003
1,2,92,9.19190E+000,244.13000E-006,938.99500E-003,2.00000E+000,13.40000E-009,938.99500E-003
1,2,93,9.29290E+000,244.30000E-006,943.26000E-003,2.00000E+000,8.81000E-009,943.26000E-003
1,2,94,9.39390E+000,244.39000E-006,946.59300E-003,2.00000E+000,-8.56000E-009,946.59300E-003
1,2,95,9.49490E+000,244.50000E-006,949.98400E-003,2.00000E+000,-16.57000E-009,949.98400E-003
1,2,96,9.59600E+000,244.64000E-006,953.29000E-003,2.00000E+000,990.00000E-012,953.29000E-003
1,2,97,9.69700E+000,244.78000E-006,956.51000E-003,2.00000E+000,16.08000E-009,956.51000E-003
1,2,98,9.79800E+000,244.89000E-006,959.71200E-003,2.00000E+000,9.68000E-009,959.71200E-003
1,2,99,9.89900E+000,245.00000E-006,962.96900E-003,2.00000E+000,-6.11000E-009,962.96900E-003
1,2,100,10.00000E+000,245.10000E-006,966.25100E-003,2.00000E+000,-17.90000E-009,966.25100E-003
1,3,1,800.00000E-009,10.00000E-009,1.20949E+000,2.99999E+000,10.33000E-009,1.20949E+000
1,3,2,101.01010E-003,210.44000E-006,1.21315E+000,3.00000E+000,-6.47000E-009,1.21315E+000
1,3,3,202.02260E-003,397.20000E-006,1.21654E+000,3.00000E+000,-17.35000E-009,1.21654E+000
1,3,4,303.03000E-003,560.38000E-006,1.22020E+000,3.00000E+000,1.32000E-009,1.22020E+000
1,3,5,404.04000E-003,700.00000E-006,1.22353E+000,3.00000E+000,15.35000E-009,1.22353E+000
1,3,6,505.05000E-003,816.26000E-006,1.22695E+000,3.00000E+000,7.18000E-009,1.22695E+000
1,3,7,606.06200E-003,909.60000E-006,1.23063E+000,3.00000E+000,-12.64000E-009,1.23063E+000
1,3,8,707.07000E-003,981.17000E-006,1.23478E+000,3.00000E+000,-10.27000E-009,1.23478E+000
1,3,9,808.08200E-003,1.03289E-003,1.23819E+000,3.00000E+000,6.30000E-009,1.23819E+000
1,3,10,909.09000E-003,1.06789E-003,1.24152E+000,3.00000E+000,17.05000E-009,1.24152E+000
1,3,11,1.01010E+000,1.09018E-003,1.24569E+000,3.00000E+000,-3.24000E-009,1.24569E+000
1,3,12,1.11111E+000,1.10425E-003,1.24910E+000,3.00000E+000,-18.30000E-009,1.24910E+000
1,3,13,1.21212E+000,1.11340E-003,1.25246E+000,3.00000E+000,-4.23000E-009,1.25246E+000
1,3,14,1.31313E+000,1.11980E-003,1.25569E+000,3.00000E+000,12.43000E-009,1.25569E+000
1,3,15,1.41414E+000,1.12450E-003,1.26158E+000,3.00000E+000,-750.00000E-012,1.26158E+000
1,3,16,1.51515E+000,1.12816E-003,1.26479E+000,3.00000E+000,-16.55000E-009,1.26479E+000
1,3,17,1.61616E+000,1.13128E-003,1.26806E+000,3.00000E+000,-10.41000E-009,1.26806E+000
1,3,18,1.71717E+000,1.13399E-003,1.27134E+000,2.99999E+000,5.31000E-009,1.27134E+000
1,3,19,1.81818E+000,1.13624E-003,1.27462E+000,3.00000E+000,17.85000E-009,1.27462E+000
1,3,20,1.91919E+000,1.13832E-003,1.27783E+000,3.00000E+000,1.86000E-009,1.27783E+000
1,3,21,2.02020E+000,1.14016E-003,1.28118E+000,3.00000E+000,-15.64000E-009,1.28118E+000
1,3,22,2.12120E+000,1.14174E-003,1.28480E+000,3.00000E+000,-10.25000E-009,1.28480E+000
1,3,23,2.22220E+000,1.14335E-003,1.28821E+000,3.00000E+000,6.27000E-009,1.28821E+000
1,3,24,2.32320E+000,1.14481E-003,1.29178E+000,3.00000E+000,16.41000E-009,1.29178E+000
1,3,25,2.42420E+000,1.14612E-003,1.29531E+000,3.00000E+000,-2.01000E-009,1.29531E+000
1,3,26,2.52530E+000,1.14737E-003,1.29865E+000,3.00000E+000,-16.13000E-009,1.29865E+000
1,3,27,2.62629E+000,1.14857E-003,1.30218E+000,3.00000E+000,-5.85000E-009,1.30218E+000
1,3,28,2.72730E+000,1.14974E-003,1.30546E+000,3.00000E+000,11.21000E-009,1.30546E+000
1,3,29,2.82830E+000,1.15083E-003,1.30873E+000,3.00000E+000,14.74000E-009,1.30873E+000
1,3,30,2.92929E+000,1.15190E-003,1.31193E+000,3.00000E+000,-1.80000E-009,1.31193E+000
1,3,31,3.03030E+000,1.15289E-003,1.31520E+000,3.00000E+000,-15.90000E-009,1.31520E+000
1,3,32,3.13130E+000,1.15380E-003,1.31848E+000,3.00000E+000,-8.79000E-009,1.31848E+000
1,3,33,3.23230E+000,1.15475E-003,1.32176E+000,2.99999E+000,8.28000E-009,1.32176E+000
1,3,34,3.33330E+000,1.15567E-003,1.32496E+000,3.00000E+000,16.86000E-009,1.32496E+000
1,3,35,3.43430E+000,1.15651E-003,1.32818E+000,3.00000E+000,-240.00000E-012,1.32818E+000
1,3,36,3.53539E+000,1.15729E-003,1.33226E+000,3.00000E+000,-17.88000E-009,1.33226E+000
1,3,37,3.63640E+000,1.15815E-003,1.33568E+000,3.00000E+000,-5.03000E-009,1.33568E+000
1,3,38,3.73740E+000,1.15900E-003,1.33902E+000,3.00000E+000,12.00000E-009,1.33902E+000
1,3,39,3.83840E+000,1.15976E-003,1.34249E+000,3.00000E+000,12.51000E-009,1.34249E+000
1,3,40,3.93940E+000,1.16047E-003,1.34581E+000,3.00000E+000,-3.52000E-009,1.34581E+000
1,3,41,4.04040E+000,1.16121E-003,1.34904E+000,3.00000E+000,-18.29000E-009,1.34904E+000
1,3,42,4.14140E+000,1.16200E-003,1.35226E+000,3.00000E+000,-5.44000E-009,1.35226E+000
1,3,43,4.24239E+000,1.16277E-003,1.35553E+000,3.00000E+000,11.31000E-009,1.35553E+000
1,3,44,4.34340E+000,1.16336E-003,1.35883E+000,3.00000E+000,14.36000E-009,1.35883E+000
1,3,45,4.44440E+000,1.16405E-003,1.36212E+000,3.00000E+000,-2.35000E-009,1.36212E+000
1,3,46,4.54550E+000,1.16474E-003,1.36538E+000,2.99999E+000,-16.26000E-009,1.36538E+000
1,3,47,4.64650E+000,1.16535E-003,1.36866E+000,3.00000E+000,-7.83000E-009,1.36866E+000
1,3,48,4.74750E+000,1.16612E-003,1.37193E+000,3.00000E+000,9.82000E-009,1.37193E+000
1,3,49,4.84850E+000,1.16672E-003,1.37513E+000,3.00000E+000,16.41000E-009,1.37513E+000
1,3,50,4.94950E+000,1.16736E-003,1.37883E+000,3.00000E+000,-2.25000E-009,1.37883E+000
1,3,51,5.05050E+000,1.16791E-003,1.38235E+000,3.00000E+000,-18.15000E-009,1.38235E+000
1,3,52,5.15149E+000,1.16855E-003,1.38666E+000,3.00000E+000,280.00000E-012,1.38666E+000
1,3,53,5.25250E+000,1.16920E-003,1.39015E+000,3.00000E+000,15.65000E-009,1.39015E+000
1,3,54,5.35350E+000,1.16975E-003,1.39338E+000,2.99999E+000,9.04000E-009,1.39338E+000
1,3,55,5.45449E+000,1.17032E-003,1.39666E+000,3.00000E+000,-7.26000E-009,1.39666E+000
1,3,56,5.55560E+000,1.17086E-003,1.39994E+000,3.00000E+000,-17.46000E-009,1.39994E+000
1,3,57,5.65660E+000,1.17145E-003,1.40314E+000,3.00000E+000,-690.00000E-012,1.40314E+000
1,3,58,5.75760E+000,1.17206E-003,1.40635E+000,3.00000E+000,15.77000E-009,1.40635E+000
1,3,59,5.85860E+000,1.17260E-003,1.40961E+000,3.00000E+000,10.23000E-009,1.40961E+000
1,3,60,5.95960E+000,1.17318E-003,1.41290E+000,3.00000E+000,-5.01000E-009,1.41290E+000
1,3,61,6.06060E+000,1.17372E-003,1.41611E+000,3.00000E+000,-19.04000E-009,1.41611E+000
1,3,62,6.16160E+000,1.17432E-003,1.41942E+000,3.00000E+000,-3.02000E-009,1.41942E+000
1,3,63,6.26259E+000,1.17480E-003,1.42294E+000,3.00000E+000,15.47000E-009,1.42294E+000
1,3,64,6.36360E+000,1.17531E-003,1.42628E+000,3.00000E+000,10.19000E-009,1.42628E+000
1,3,65,6.46460E+000,1.17584E-003,1.43005E+000,3.00000E+000,-7.67000E-009,1.43005E+000
1,3,66,6.56570E+000,1.17639E-003,1.43375E+000,3.00000E+000,-15.51000E-009,1.43375E+000
1,3,67,6.66670E+000,1.17694E-003,1.43710E+000,3.00000E+000,1.71000E-009,1.43710E+000
1,3,68,6.76770E+000,1.17747E-003,1.44049E+000,2.99999E+000,16.33000E-009,1.44049E+000
1,3,69,6.86870E+000,1.17793E-003,1.44375E+000,3.00000E+000,6.69000E-009,1.44375E+000
1,3,70,6.96970E+000,1.17847E-003,1.44704E+000,3.00000E+000,-10.91000E-009,1.44704E+000
1,3,71,7.07070E+000,1.17889E-003,1.45024E+000,3.00000E+000,-16.44000E-009,1.45024E+000
1,3,72,7.17169E+000,1.17941E-003,1.45345E+000,3.00000E+000,750.00000E-012,1.45345E+000
1,3,73,7.27270E+000,1.17994E-003,1.45672E+000,3.00000E+000,15.98000E-009,1.45672E+000
1,3,74,7.37370E+000,1.18043E-003,1.46003E+000,3.00000E+000,9.17000E-009,1.46003E+000
1,3,75,7.47470E+000,1.18092E-003,1.46330E+000,3.00000E+000,-6.91000E-009,1.46330E+000
1,3,76,7.57580E+000,1.18141E-003,1.46650E+000,3.00000E+000,-17.86000E-009,1.46650E+000
1,3,77,7.67680E+000,1.18183E-003,1.47033E+000,3.00000E+000,1.47000E-009,1.47033E+000
1,3,78,7.77780E+000,1.18234E-003,1.47365E+000,3.00000E+000,15.45000E-009,1.47365E+000
1,3,79,7.87879E+000,1.18283E-003,1.47707E+000,3.00000E+000,7.01000E-009,1.47707E+000
1,3,80,7.97980E+000,1.18331E-003,1.48132E+000,3.00000E+000,-15.93000E-009,1.48132E+000
1,3,81,8.08080E+000,1.18378E-003,1.48464E+000,3.00000E+000,-10.65000E-009,1.48464E+000
1,3,82,8.18180E+000,1.18419E-003,1.48808E+000,3.00000E+000,5.08000E-009,1.48808E+000
1,3,83,8.28280E+000,1.18473E-003,1.49132E+000,3.00000E+000,18.11000E-009,1.49132E+000
1,3,84,8.38380E+000,1.18526E-003,1.49453E+000,3.00000E+000,2.10000E-009,1.49453E+000
1,3,85,8.48480E+000,1.18573E-003,1.49774E+000,3.00000E+000,-14.73000E-009,1.49774E+000
1,3,86,8.58590E+000,1.18623E-003,1.50100E+000,3.00000E+000,-12.17000E-009,1.50100E+000
1,3,87,8.68690E+000,1.18675E-003,1.50428E+000,3.00000E+000,3.42000E-009,1.50428E+000
1,3,88,8.78790E+000,1.18728E-003,1.50750E+000,3.00000E+000,17.85000E-009,1.50750E+000
1,3,89,8.88890E+000,1.18767E-003,1.51070E+000,3.00000E+000,4.74000E-009,1.51070E+000
1,3,90,8.98990E+000,1.18822E-003,1.51396E+000,3.00000E+000,-11.97000E-009,1.51396E+000
1,3,91,9.09090E+000,1.18866E-003,1.51724E+000,3.00000E+000,-14.90000E-009,1.51724E+000
1,3,92,9.19190E+000,1.18917E-003,1.52046E+000,3.00000E+000,1.67000E-009,1.52046E+000
1,3,93,9.29290E+000,1.18973E-003,1.52378E+000,3.00000E+000,15.79000E-009,1.52378E+000
1,3,94,9.39390E+000,1.19023E-003,1.52723E+000,3.00000E+000,5.67000E-009,1.52723E+000
1,3,95,9.49490E+000,1.19072E-003,1.53056E+000,3.00000E+000,-11.73000E-009,1.53056E+000
1,3,96,9.59600E+000,1.19118E-003,1.53415E+000,2.99999E+000,-13.37000E-009,1.53415E+000
1,3,97,9.69700E+000,1.19171E-003,1.53760E+000,2.99999E+000,3.37000E-009,1.53760E+000
1,3,98,9.79800E+000,1.19227E-003,1.54151E+000,3.00000E+000,17.43000E-009,1.54151E+000
1,3,99,9.89900E+000,1.19277E-003,1.54474E+000,3.00000E+000,980.00000E-012,1.54474E+000
1,3,100,10.00000E+000,1.19325E-003,1.54795E+000,3.00000E+000,-15.67000E-009,1.54795E+000
1,4,1,700.00000E-009,130.00000E-009,1.79174E+000,4.00000E+000,17.15000E-009,1.79174E+000
1,4,2,101.00880E-003,298.25000E-006,1.79543E+000,4.00000E+000,-1.74000E-009,1.79543E+000
1,4,3,202.02190E-003,577.06000E-006,1.79883E+000,4.00000E+000,-15.94000E-009,1.79883E+000
1,4,4,303.03000E-003,836.47000E-006,1.80243E+000,3.99999E+000,-5.60000E-009,1.80243E+000
1,4,5,404.03900E-003,1.07649E-003,1.80578E+000,3.99999E+000,11.53000E-009,1.80578E+000
1,4,6,505.04900E-003,1.29693E-003,1.80920E+000,4.00000E+000,13.30000E-009,1.80920E+000
1,4,7,606.06000E-003,1.49767E-003,1.81254E+000,4.00000E+000,-2.92000E-009,1.81254E+000
1,4,8,707.06900E-003,1.67861E-003,1.81599E+000,4.00000E+000,-18.46000E-009,1.81599E+000
1,4,9,808.07900E-003,1.83971E-003,1.81942E+000,4.00000E+000,-4.01000E-009,1.81942E+000
1,4,10,909.09000E-003,1.98118E-003,1.82276E+000,4.00000E+000,13.54000E-009,1.82276E+000
1,4,11,1.01010E+000,2.10309E-003,1.82628E+000,4.00000E+000,10.82000E-009,1.82628E+000
1,4,12,1.11111E+000,2.20578E-003,1.82964E+000,4.00000E+000,-4.75000E-009,1.82964E+000
1,4,13,1.21212E+000,2.29030E-003,1.83297E+000,4.00000E+000,-19.04000E-009,1.83297E+000
1,4,14,1.31313E+000,2.35776E-003,1.83647E+000,4.00000E+000,-1.83000E-009,1.83647E+000
1,4,15,1.41414E+000,2.40989E-003,1.83990E+000,4.00000E+000,15.77000E-009,1.83990E+000
1,4,16,1.51515E+000,2.44913E-003,1.84402E+000,4.00000E+000,5.82000E-009,1.84402E+000
1,4,17,1.61616E+000,2.47790E-003,1.84728E+000,4.00000E+000,-11.38000E-009,1.84728E+000
1,4,18,1.71717E+000,2.49923E-003,1.85057E+000,4.00000E+000,-15.58000E-009,1.85057E+000
1,4,19,1.81818E+000,2.51512E-003,1.85378E+000,4.00000E+000,1.29000E-009,1.85378E+000
1,4,20,1.91919E+000,2.52735E-003,1.85706E+000,4.00000E+000,15.43000E-009,1.85706E+000
1,4,21,2.02020E+000,2.53709E-003,1.86035E+000,4.00000E+000,8.59000E-009,1.86035E+000
1,4,22,2.12120E+000,2.54491E-003,1.86384E+000,4.00000E+000,-10.65000E-009,1.86384E+000
1,4,23,2.22220E+000,2.55153E-003,1.86790E+000,4.00000E+000,-11.71000E-009,1.86790E+000
1,4,24,2.32320E+000,2.55728E-003,1.87129E+000,4.00000E+000,4.30000E-009,1.87129E+000
1,4,25,2.42420E+000,2.56220E-003,1.87487E+000,4.00000E+000,17.97000E-009,1.87487E+000
1,4,26,2.52530E+000,2.56659E-003,1.87830E+000,4.00000E+000,490.00000E-012,1.87830E+000
1,4,27,2.62630E+000,2.57054E-003,1.88174E+000,4.00000E+000,-16.68000E-009,1.88174E+000
1,4,28,2.72730E+000,2.57419E-003,1.88512E+000,3.99999E+000,-10.06000E-009,1.88512E+000
1,4,29,2.82830E+000,2.57760E-003,1.88839E+000,4.00000E+000,5.90000E-009,1.88839E+000
1,4,30,2.92929E+000,2.58082E-003,1.89169E+000,4.00000E+000,17.35000E-009,1.89169E+000
1,4,31,3.03030E+000,2.58361E-003,1.89490E+000,4.00000E+000,960.00000E-012,1.89490E+000
1,4,32,3.13130E+000,2.58628E-003,1.89811E+000,4.00000E+000,-15.58000E-009,1.89811E+000
1,4,33,3.23230E+000,2.58884E-003,1.90138E+000,4.00000E+000,-10.83000E-009,1.90138E+000
1,4,34,3.33330E+000,2.59134E-003,1.90466E+000,4.00000E+000,4.28000E-009,1.90466E+000
1,4,35,3.43430E+000,2.59363E-003,1.90787E+000,4.00000E+000,18.19000E-009,1.90787E+000
1,4,36,3.53539E+000,2.59602E-003,1.91107E+000,4.00000E+000,3.85000E-009,1.91107E+000
1,4,37,3.63639E+000,2.59803E-003,1.91542E+000,4.00000E+000,-15.96000E-009,1.91542E+000
1,4,38,3.73740E+000,2.60000E-003,1.91888E+000,4.00000E+000,-7.85000E-009,1.91888E+000
1,4,39,3.83840E+000,2.60196E-003,1.92222E+000,4.00000E+000,10.30000E-009,1.92222E+000
1,4,40,3.93940E+000,2.60397E-003,1.92569E+000,4.00000E+000,14.72000E-009,1.92569E+000
1,4,41,4.04040E+000,2.60565E-003,1.92948E+000,4.00000E+000,-3.88000E-009,1.92948E+000
1,4,42,4.14140E+000,2.60749E-003,1.93280E+000,4.00000E+000,-18.56000E-009,1.93280E+000
1,4,43,4.24240E+000,2.60920E-003,1.93629E+000,3.99999E+000,-3.22000E-009,1.93629E+000
1,4,44,4.34340E+000,2.61084E-003,1.93957E+000,4.00000E+000,14.03000E-009,1.93957E+000
1,4,45,4.44440E+000,2.61249E-003,1.94285E+000,4.00000E+000,11.86000E-009,1.94285E+000
1,4,46,4.54550E+000,2.61406E-003,1.94609E+000,4.00000E+000,-3.59000E-009,1.94609E+000
1,4,47,4.64650E+000,2.61548E-003,1.94936E+000,4.00000E+000,-18.39000E-009,1.94936E+000
1,4,48,4.74750E+000,2.61693E-003,1.95262E+000,4.00000E+000,-4.88000E-009,1.95262E+000
1,4,49,4.84850E+000,2.61838E-003,1.95590E+000,4.00000E+000,11.86000E-009,1.95590E+000
1,4,50,4.94950E+000,2.61984E-003,1.95917E+000,4.00000E+000,13.91000E-009,1.95917E+000
1,4,51,5.05050E+000,2.62120E-003,1.96278E+000,4.00000E+000,-3.71000E-009,1.96278E+000
1,4,52,5.15150E+000,2.62248E-003,1.96613E+000,4.00000E+000,-18.45000E-009,1.96613E+000
1,4,53,5.25250E+000,2.62379E-003,1.96982E+000,4.00000E+000,-2.15000E-009,1.96982E+000
1,4,54,5.35350E+000,2.62519E-003,1.97322E+000,4.00000E+000,15.43000E-009,1.97322E+000
1,4,55,5.45450E+000,2.62645E-003,1.97651E+000,4.00000E+000,10.22000E-009,1.97651E+000
1,4,56,5.55560E+000,2.62766E-003,1.97998E+000,4.00000E+000,-5.55000E-009,1.97998E+000
1,4,57,5.65660E+000,2.62889E-003,1.98331E+000,4.00000E+000,-18.04000E-009,1.98331E+000
1,4,58,5.75760E+000,2.63007E-003,1.98652E+000,4.00000E+000,-2.00000E-009,1.98652E+000
1,4,59,5.85860E+000,2.63130E-003,1.98978E+000,4.00000E+000,15.02000E-009,1.98978E+000
1,4,60,5.95960E+000,2.63251E-003,1.99306E+000,4.00000E+000,10.65000E-009,1.99306E+000
1,4,61,6.06059E+000,2.63353E-003,1.99633E+000,4.00000E+000,-4.62000E-009,1.99633E+000
1,4,62,6.16160E+000,2.63468E-003,1.99956E+000,4.00000E+000,-18.71000E-009,1.99956E+000
1,4,63,6.26260E+000,2.63593E-003,2.00283E+000,3.99999E+000,-4.07000E-009,2.00283E+000
1,4,64,6.36360E+000,2.63697E-003,2.00611E+000,4.00000E+000,13.13000E-009,2.00611E+000
1,4,65,6.46460E+000,2.63815E-003,2.00943E+000,4.00000E+000,12.51000E-009,2.00943E+000
1,4,66,6.56570E+000,2.63923E-003,2.01291E+000,4.00000E+000,-4.24000E-009,2.01291E+000
1,4,67,6.66670E+000,2.64027E-003,2.01625E+000,4.00000E+000,-18.72000E-009,2.01625E+000
1,4,68,6.76770E+000,2.64137E-003,2.01960E+000,4.00000E+000,-3.61000E-009,2.01960E+000
1,4,69,6.86870E+000,2.64247E-003,2.02310E+000,4.00000E+000,14.99000E-009,2.02310E+000
1,4,70,6.96969E+000,2.64351E-003,2.02642E+000,4.00000E+000,10.45000E-009,2.02642E+000
1,4,71,7.07070E+000,2.64447E-003,2.02993E+000,4.00000E+000,-5.36000E-009,2.02993E+000
1,4,72,7.17169E+000,2.64549E-003,2.03324E+000,4.00000E+000,-18.57000E-009,2.03324E+000
1,4,73,7.27270E+000,2.64660E-003,2.03645E+000,4.00000E+000,-2.43000E-009,2.03645E+000
1,4,74,7.37370E+000,2.64758E-003,2.03966E+000,4.00000E+000,14.29000E-009,2.03966E+000
1,4,75,7.47471E+000,2.64860E-003,2.04292E+000,4.00000E+000,11.64000E-009,2.04292E+000
1,4,76,7.57580E+000,2.64951E-003,2.04620E+000,4.00000E+000,-3.93000E-009,2.04620E+000
1,4,77,7.67680E+000,2.65047E-003,2.04944E+000,4.00000E+000,-18.45000E-009,2.04944E+000
1,4,78,7.77780E+000,2.65136E-003,2.05265E+000,3.99999E+000,-4.86000E-009,2.05265E+000
1,4,79,7.87880E+000,2.65242E-003,2.05591E+000,4.00000E+000,11.65000E-009,2.05591E+000
1,4,80,7.97980E+000,2.65343E-003,2.05928E+000,4.00000E+000,13.49000E-009,2.05928E+000
1,4,81,8.08080E+000,2.65432E-003,2.06277E+000,4.00000E+000,-3.39000E-009,2.06277E+000
1,4,82,8.18180E+000,2.65534E-003,2.06618E+000,4.00000E+000,-18.49000E-009,2.06618E+000
1,4,83,8.28279E+000,2.65615E-003,2.06982E+000,4.00000E+000,-2.44000E-009,2.06982E+000
1,4,84,8.38380E+000,2.65712E-003,2.07330E+000,4.00000E+000,15.73000E-009,2.07330E+000
1,4,85,8.48480E+000,2.65811E-003,2.07663E+000,4.00000E+000,10.09000E-009,2.07663E+000
1,4,86,8.58590E+000,2.65890E-003,2.08027E+000,4.00000E+000,-7.28000E-009,2.08027E+000
1,4,87,8.68690E+000,2.65963E-003,2.10683E+000,4.00000E+000,16.04000E-009,2.10683E+000
1,4,88,8.78790E+000,2.66051E-003,2.12269E+000,4.00000E+000,12.17000E-009,2.12269E+000
1,4,89,8.88890E+000,2.66140E-003,2.12602E+000,4.00000E+000,13.28000E-009,2.12602E+000
1,4,90,8.98990E+000,2.66227E-003,2.12942E+000,4.00000E+000,-3.31000E-009,2.12942E+000
1,4,91,9.09090E+000,2.66319E-003,2.13291E+000,4.00000E+000,-18.67000E-009,2.13291E+000
1,4,92,9.19190E+000,2.66418E-003,2.13654E+000,4.00000E+000,-2.16000E-009,2.13654E+000
1,4,93,9.29290E+000,2.66515E-003,2.13990E+000,4.00000E+000,15.26000E-009,2.13990E+000
1,4,94,9.39390E+000,2.66605E-003,2.14334E+000,4.00000E+000,10.14000E-009,2.14334E+000
1,4,95,9.49490E+000,2.66687E-003,2.14662E+000,4.00000E+000,-5.26000E-009,2.14662E+000
1,4,96,9.59600E+000,2.66780E-003,2.14984E+000,4.00000E+000,-18.99000E-009,2.14984E+000
1,4,97,9.69700E+000,2.66885E-003,2.15304E+000,4.00000E+000,-3.30000E-009,2.15304E+000
1,4,98,9.79800E+000,2.66986E-003,2.15623E+000,4.00000E+000,13.46000E-009,2.15623E+000
1,4,99,9.89900E+000,2.67076E-003,2.15951E+000,4.00000E+000,12.21000E-009,2.15951E+000
1,4,100,10.00000E+000,2.67181E-003,2.16287E+000,4.00000E+000,-3.70000E-009,2.16287E+000
1,5,1,400.00000E-009,160.00000E-009,2.41140E+000,5.00000E+000,3.25000E-009,2.41140E+000
1,5,2,101.01020E-003,369.22000E-006,2.41504E+000,5.00000E+000,-15.84000E-009,2.41504E+000
1,5,3,202.01940E-003,721.60000E-006,2.41841E+000,5.00000E+000,-10.46000E-009,2.41841E+000
1,5,4,303.03000E-003,1.05767E-003,2.42205E+000,5.00000E+000,6.44000E-009,2.42205E+000
1,5,5,404.04000E-003,1.37716E-003,2.42544E+000,5.00000E+000,16.68000E-009,2.42544E+000
1,5,6,505.05100E-003,1.67986E-003,2.42879E+000,5.00000E+000,-860.00000E-012,2.42879E+000
1,5,7,606.06000E-003,1.96584E-003,2.43252E+000,5.00000E+000,-16.40000E-009,2.43252E+000
1,5,8,707.07000E-003,2.23479E-003,2.43681E+000,5.00000E+000,-1.44000E-009,2.43681E+000
1,5,9,808.08000E-003,2.48676E-003,2.44077E+000,5.00000E+000,15.53000E-009,2.44077E+000
1,5,10,909.08900E-003,2.72136E-003,2.44496E+000,5.00000E+000,2.00000E-009,2.44496E+000
1,5,11,1.01010E+000,2.93858E-003,2.44862E+000,5.00000E+000,-16.66000E-009,2.44862E+000
1,5,12,1.11111E+000,3.13829E-003,2.45187E+000,5.00000E+000,-10.52000E-009,2.45187E+000
1,5,13,1.21212E+000,3.32058E-003,2.45507E+000,5.00000E+000,4.70000E-009,2.45507E+000
1,5,14,1.31313E+000,3.48529E-003,2.45827E+000,5.00000E+000,18.48000E-009,2.45827E+000
1,5,15,1.41414E+000,3.63246E-003,2.46277E+000,5.00000E+000,-2.73000E-009,2.46277E+000
1,5,16,1.51515E+000,3.76252E-003,2.46600E+000,5.00000E+000,-17.20000E-009,2.46600E+000
1,5,17,1.61616E+000,3.87574E-003,2.46939E+000,5.00000E+000,-5.62000E-009,2.46939E+000
1,5,18,1.71717E+000,3.97275E-003,2.47268E+000,5.00000E+000,11.30000E-009,2.47268E+000
1,5,19,1.81818E+000,4.05432E-003,2.47599E+000,5.00000E+000,14.54000E-009,2.47599E+000
1,5,20,1.91919E+000,4.12165E-003,2.47931E+000,5.00000E+000,-2.37000E-009,2.47931E+000
1,5,21,2.02020E+000,4.17636E-003,2.48275E+000,5.00000E+000,-17.72000E-009,2.48275E+000
1,5,22,2.12120E+000,4.22016E-003,2.48627E+000,5.00000E+000,-4.49000E-009,2.48627E+000
1,5,23,2.22220E+000,4.25489E-003,2.48993E+000,5.00000E+000,14.69000E-009,2.48993E+000
1,5,24,2.32320E+000,4.28229E-003,2.49331E+000,5.00000E+000,10.45000E-009,2.49331E+000
1,5,25,2.42420E+000,4.30417E-003,2.49671E+000,5.00000E+000,-5.01000E-009,2.49671E+000
1,5,26,2.52530E+000,4.32190E-003,2.50012E+000,5.00000E+000,-18.59000E-009,2.50012E+000
1,5,27,2.62629E+000,4.33653E-003,2.50332E+000,5.00000E+000,-2.50000E-009,2.50332E+000
1,5,28,2.72730E+000,4.34887E-003,2.50659E+000,5.00000E+000,14.46000E-009,2.50659E+000
1,5,29,2.82830E+000,4.35937E-003,2.50987E+000,5.00000E+000,11.12000E-009,2.50987E+000
1,5,30,2.92929E+000,4.36832E-003,2.51309E+000,5.00000E+000,-3.98000E-009,2.51309E+000
1,5,31,3.03030E+000,4.37635E-003,2.51630E+000,5.00000E+000,-18.45000E-009,2.51630E+000
1,5,32,3.13130E+000,4.38343E-003,2.51949E+000,5.00000E+000,-5.04000E-009,2.51949E+000
1,5,33,3.23230E+000,4.38989E-003,2.52276E+000,5.00000E+000,11.56000E-009,2.52276E+000
1,5,34,3.33330E+000,4.39578E-003,2.52604E+000,5.00000E+000,14.23000E-009,2.52604E+000
1,5,35,3.43430E+000,4.40109E-003,2.52938E+000,5.00000E+000,-2.46000E-009,2.52938E+000
1,5,36,3.53539E+000,4.40599E-003,2.53291E+000,5.00000E+000,-18.39000E-009,2.53291E+000
1,5,37,3.63640E+000,4.41066E-003,2.53625E+000,5.00000E+000,-4.80000E-009,2.53625E+000
1,5,38,3.73740E+000,4.41501E-003,2.53981E+000,5.00000E+000,13.96000E-009,2.53981E+000
1,5,39,3.83840E+000,4.41904E-003,2.54324E+000,5.00000E+000,10.90000E-009,2.54324E+000
1,5,40,3.93940E+000,4.42277E-003,2.54656E+000,5.00000E+000,-4.57000E-009,2.54656E+000
1,5,41,4.04040E+000,4.42648E-003,2.55006E+000,5.00000E+000,-18.80000E-009,2.55006E+000
1,5,42,4.14140E+000,4.42992E-003,2.55328E+000,5.00000E+000,-2.95000E-009,2.55328E+000
1,5,43,4.24240E+000,4.43330E-003,2.55649E+000,5.00000E+000,13.95000E-009,2.55649E+000
1,5,44,4.34340E+000,4.43637E-003,2.55975E+000,5.00000E+000,11.95000E-009,2.55975E+000
1,5,45,4.44440E+000,4.43953E-003,2.56302E+000,5.00000E+000,-3.59000E-009,2.56302E+000
1,5,46,4.54550E+000,4.44222E-003,2.56631E+000,5.00000E+000,-18.41000E-009,2.56631E+000
1,5,47,4.64650E+000,4.44517E-003,2.56957E+000,5.00000E+000,-4.88000E-009,2.56957E+000
1,5,48,4.74750E+000,4.44772E-003,2.57285E+000,5.00000E+000,11.95000E-009,2.57285E+000
1,5,49,4.84850E+000,4.45036E-003,2.57622E+000,5.00000E+000,13.27000E-009,2.57622E+000
1,5,50,4.94950E+000,4.45292E-003,2.57954E+000,5.00000E+000,-2.84000E-009,2.57954E+000
1,5,51,5.05050E+000,4.45539E-003,2.58306E+000,5.00000E+000,-18.46000E-009,2.58306E+000
1,5,52,5.15150E+000,4.45707E-003,2.61028E+000,5.00000E+000,10.01000E-009,2.61028E+000
1,5,53,5.25250E+000,4.45895E-003,2.62673E+000,5.00000E+000,10.39000E-009,2.62673E+000
1,5,54,5.35350E+000,4.46131E-003,2.63102E+000,5.00000E+000,-11.53000E-009,2.63102E+000
1,5,55,5.45450E+000,4.46338E-003,2.63444E+000,5.00000E+000,-14.61000E-009,2.63444E+000
1,5,56,5.55559E+000,4.46550E-003,2.63779E+000,5.00000E+000,2.07000E-009,2.63779E+000
1,5,57,5.65660E+000,4.46762E-003,2.64100E+000,5.00000E+000,16.17000E-009,2.64100E+000
1,5,58,5.75760E+000,4.46970E-003,2.64426E+000,5.00000E+000,6.96000E-009,2.64426E+000
1,5,59,5.85860E+000,4.47165E-003,2.64757E+000,5.00000E+000,-11.03000E-009,2.64757E+000
1,5,60,5.95960E+000,4.47358E-003,2.65078E+000,5.00000E+000,-16.30000E-009,2.65078E+000
1,5,61,6.06060E+000,4.47555E-003,2.65399E+000,5.00000E+000,850.00000E-012,2.65399E+000
1,5,62,6.16160E+000,4.47727E-003,2.65726E+000,5.00000E+000,16.07000E-009,2.65726E+000
1,5,63,6.26260E+000,4.47909E-003,2.66054E+000,5.00000E+000,9.31000E-009,2.66054E+000
1,5,64,6.36360E+000,4.48083E-003,2.66376E+000,5.00000E+000,-6.38000E-009,2.66376E+000
1,5,65,6.46460E+000,4.48255E-003,2.66696E+000,5.00000E+000,-18.04000E-009,2.66696E+000
1,5,66,6.56570E+000,4.48422E-003,2.67058E+000,5.00000E+000,420.00000E-012,2.67058E+000
1,5,67,6.66670E+000,4.48600E-003,2.67391E+000,5.00000E+000,16.17000E-009,2.67391E+000
1,5,68,6.76770E+000,4.48764E-003,2.67733E+000,5.00000E+000,8.84000E-009,2.67733E+000
1,5,69,6.86869E+000,4.48913E-003,2.68090E+000,5.00000E+000,-10.80000E-009,2.68090E+000
1,5,70,6.96970E+000,4.49078E-003,2.68434E+000,5.00000E+000,-15.24000E-009,2.68434E+000
1,5,71,7.07070E+000,4.49232E-003,2.68770E+000,5.00000E+000,1.86000E-009,2.68770E+000
1,5,72,7.17170E+000,4.49394E-003,2.69110E+000,5.00000E+000,16.62000E-009,2.69110E+000
1,5,73,7.27270E+000,4.49548E-003,2.69438E+000,5.00000E+000,6.19000E-009,2.69438E+000
1,5,74,7.37370E+000,4.49694E-003,2.69766E+000,5.00000E+000,-11.37000E-009,2.69766E+000
1,5,75,7.47470E+000,4.49845E-003,2.70090E+000,5.00000E+000,-15.79000E-009,2.70090E+000
1,5,76,7.57580E+000,4.49990E-003,2.70412E+000,5.00000E+000,1.24000E-009,2.70412E+000
1,5,77,7.67679E+000,4.50133E-003,2.70973E+000,5.00000E+000,12.57000E-009,2.70973E+000
1,5,78,7.77780E+000,4.50270E-003,2.71296E+000,5.00000E+000,-2.99000E-009,2.71296E+000
1,5,79,7.87880E+000,4.50422E-003,2.71617E+000,5.00000E+000,-17.62000E-009,2.71617E+000
1,5,80,7.97980E+000,4.50561E-003,2.71943E+000,5.00000E+000,-6.13000E-009,2.71943E+000
1,5,81,8.08080E+000,4.50713E-003,2.72315E+000,5.00000E+000,13.62000E-009,2.72315E+000
1,5,82,8.18180E+000,4.50829E-003,2.72686E+000,5.00000E+000,10.26000E-009,2.72686E+000
1,5,83,8.28279E+000,4.50964E-003,2.73123E+000,5.00000E+000,-12.20000E-009,2.73123E+000
1,5,84,8.38380E+000,4.51086E-003,2.73493E+000,5.00000E+000,-11.84000E-009,2.73493E+000
1,5,85,8.48480E+000,4.51230E-003,2.73817E+000,5.00000E+000,3.50000E-009,2.73817E+000
1,5,86,8.58589E+000,4.51358E-003,2.74138E+000,5.00000E+000,17.86000E-009,2.74138E+000
1,5,87,8.68690E+000,4.51489E-003,2.74467E+000,5.00000E+000,4.25000E-009,2.74467E+000
1,5,88,8.78789E+000,4.51605E-003,2.74796E+000,5.00000E+000,-12.59000E-009,2.74796E+000
1,5,89,8.88889E+000,4.51736E-003,2.75117E+000,5.00000E+000,-14.42000E-009,2.75117E+000
1,5,90,8.98990E+000,4.51873E-003,2.75437E+000,5.00000E+000,1.78000E-009,2.75437E+000
1,5,91,9.09090E+000,4.52001E-003,2.75762E+000,5.00000E+000,15.65000E-009,2.75762E+000
1,5,92,9.19190E+000,4.52120E-003,2.76092E+000,5.00000E+000,7.48000E-009,2.76092E+000
1,5,93,9.29290E+000,4.52248E-003,2.76413E+000,5.00000E+000,-9.41000E-009,2.76413E+000
1,5,94,9.39390E+000,4.52372E-003,2.76744E+000,5.00000E+000,-16.61000E-009,2.76744E+000
1,5,95,9.49490E+000,4.52501E-003,2.77092E+000,5.00000E+000,1.46000E-009,2.77092E+000
1,5,96,9.59600E+000,4.52615E-003,2.77425E+000,5.00000E+000,15.43000E-009,2.77425E+000
1,5,97,9.69699E+000,4.52746E-003,2.77790E+000,5.00000E+000,4.90000E-009,2.77790E+000
1,5,98,9.79800E+000,4.52877E-003,2.78141E+000,5.00000E+000,-13.31000E-009,2.78141E+000
1,5,99,9.89900E+000,4.52995E-003,2.78480E+000,5.00000E+000,-12.76000E-009,2.78480E+000
1,5,100,9.99999E+000,4.53128E-003,2.78820E+000,5.00000E+000,3.66000E-009,2.78820E+000
